Time,Position,Velocity
0.0,0.0,0.0
0.01,0.00012234105104818075,0.02446785910963716
0.02,0.0004893431403007102,0.0489315058430313
0.03,0.0011009430993081093,0.07338673240829863
0.04,0.001957035723680477,0.09782934016932329
0.05,0.0030574738873999,0.1222551441913315
0.060000000000000005,0.004402068702406261,0.14665997774788758
0.07,0.005990589723007764,0.17103969677677353
0.08,0.007822765194543432,0.19539018427248525
0.09,0.00989828234560378,0.2197073546034138
0.09999999999999999,0.01221678772299847,0.24398715774217544
0.10999999999999999,0.014777887568546637,0.2682255833980073
0.11999999999999998,0.01758114823665719,0.29241866504065195
0.12999999999999998,0.020626096651563428,0.31656248380570984
0.13999999999999999,0.02391222080297897,0.3406531722720385
0.15,0.027438970278851078,0.36468691810241843
0.16,0.0312057568338029,0.38865996753937937
0.17,0.03521195499177863,0.41256862874878675
0.18000000000000002,0.03945690268133523,0.43640927500451476
0.19000000000000003,0.04393990190196133,0.4601783477082811
0.20000000000000004,0.04866021941974838,0.48387235923947797
0.21000000000000005,0.05361708749069152,0.507487895630602
0.22000000000000006,0.058809704609857294,0.5310216190646568
0.23000000000000007,0.06423723628462298,0.5544702701916678
0.24000000000000007,0.06989881583016763,0.5778306702622115
0.25000000000000006,0.0757935451853775,0.6010997230766064
0.26000000000000006,0.08192049574731877,0.6242744167491453
0.2700000000000001,0.088278709222428,0.6473518252874559
0.2800000000000001,0.09486719849257466,0.6703291099877656
0.2900000000000001,0.10168494849416153,0.6932035206474977
0.3000000000000001,0.10873091710844611,0.7159723965972566
0.3100000000000001,0.11600403606128956,0.7386331675548479
0.3200000000000001,0.12350321183056913,0.761183354304535
0.3300000000000001,0.13122732655952468,0.7836205692052537
0.34000000000000014,0.13917523897434939,0.8059425165319797
0.35000000000000014,0.14734578530437906,0.8281469926548852
0.36000000000000015,0.15573778020328277,0.850231886061315
0.37000000000000016,0.16435001766970964,0.8721951772259642
0.38000000000000017,0.17318127196590202,0.8940349383349593
0.3900000000000002,0.18223029853284378,0.9157493328698054
0.4000000000000002,0.19149583490057312,0.9373366150574028
0.4100000000000002,0.20097660159235253,0.9587951291925186
0.4200000000000002,0.21067130302145276,0.9801233088392552
0.4300000000000002,0.22057862837937436,1.0013196759181704
0.4400000000000002,0.2306972525143966,1.0223828396857795
0.45000000000000023,0.2410258367994115,1.0433114956132183
0.46000000000000024,0.2515630299880687,1.064104424170851
0.47000000000000025,0.2623074690583242,1.0847604895255936
0.48000000000000026,0.27325778004255413,1.1052786381576696
0.49000000000000027,0.28441257884346083,1.1256578974034452
0.5000000000000002,0.2957704720350649,1.1458973739308898
0.5100000000000002,0.3073300576481421,1.1659962521540843
0.5200000000000002,0.3190899259395265,1.1859537925930643
0.5300000000000002,0.33104866014476475,1.2057693301851196
0.5400000000000003,0.3432048372136648,1.2254422725534988
0.5500000000000003,0.3555570285283436,1.2449720982392811
0.5600000000000003,0.36810380060343184,1.2643583549019695
0.5700000000000003,0.3808437157681513,1.2836006574941554
0.5800000000000003,0.39377533283002997,1.3026986864153813
0.5900000000000003,0.40689720772007293,1.3216521856501016
0.6000000000000003,0.42020789411925236,1.3404609608944131
0.6100000000000003,0.43370594406622764,1.359124877675993
0.6200000000000003,0.4473899085462484,1.3776438594714386
0.6300000000000003,0.4612583380612344,1.3960178858249783
0.6400000000000003,0.4753097831810653,1.414246990472276
0.6500000000000004,0.48954279507614834,1.4323312594728228
0.6600000000000004,0.5039559260313665,1.4502708293541755
0.6700000000000004,0.5185477299415415,1.4680658852710748
0.6800000000000004,0.5333167627885735,1.4857166591822504
0.6900000000000004,0.5482615831004486,1.5032234280475034
0.7000000000000004,0.5633807523923283,1.5205865120474436
0.7100000000000004,0.5786728355899592,1.5378062728280497
0.7200000000000004,0.5941364014356599,1.5548831117720265
0.7300000000000004,0.6097700228771641,1.571817468298734
0.7400000000000004,0.6255722774396109,1.5886098181942838
0.7500000000000004,0.6415417475809947,1.605260671973217
0.7600000000000005,0.657677021031394,1.6217705732730114
0.7700000000000005,0.6739766911163139,1.6381400972824993
0.7800000000000005,0.6904393570644868,1.6543698492051306
0.7900000000000005,0.707063624300483,1.6704604627578634
0.8000000000000005,0.7238481047224912,1.6864125987063316
0.8100000000000005,0.7407914169656341,1.7022269434368067
0.8200000000000005,0.7578921866511897,1.7179042075653508
0.8300000000000005,0.7751490466220908,1.733445124584442
0.8400000000000005,0.792560637165079,1.748850449547249
0.8500000000000005,0.8101256062198903,1.7641209577896295
0.8600000000000005,0.8278426095758493,1.779257443689838
0.8700000000000006,0.8457103110562483,1.7942607194658404
0.8800000000000006,0.8637273826908868,1.8091316140100557
0.8900000000000006,0.8818925048771453,1.8238709717612733
0.9000000000000006,0.9002043665299618,1.838479651613427
0.9100000000000006,0.9186616652210796,1.8529585258608468
0.9200000000000006,0.9372631073079277,1.8673084791795553
0.9300000000000006,0.9560074080524928,1.8815304076441282
0.9400000000000006,0.9748932917305353,1.8956252177795878
0.9500000000000006,0.9939194917314967,1.9095938256477694
0.9600000000000006,1.0130847506494416,1.9234371559675545
0.9700000000000006,1.0323878203653678,1.9371561412683427
0.9800000000000006,1.0518274621212145,1.9507517210761034
0.9900000000000007,1.0714024465858922,1.9642248411313261
1.0000000000000007,1.0911115539136473,1.9775764526381714
1.0100000000000007,1.1109535737950724,1.9908075115441057
1.0200000000000007,1.1309273055010611,2.0039189778492923
1.0300000000000007,1.1510315579200041,2.016911814945
1.0400000000000007,1.1712651495885098,2.029786988980285
1.0500000000000007,1.1916269087159304,2.0425454682561948
1.0600000000000007,1.2121156732029652,2.0551882226467444
1.0700000000000007,1.2327302906546038,2.0677162230459074
1.0800000000000007,1.253469618387666,2.080130440839874
1.0900000000000007,1.2743325234331873,2.0924318474038284
1.1000000000000008,1.2953178825338936,2.104621413622499
1.1100000000000008,1.3164245821369938,2.116700109433749
1.1200000000000008,1.3376515183825237,2.1286689033944706
1.1300000000000008,1.3589975970874555,2.1405287622680724
1.1400000000000008,1.3804617337257876,2.152280650632841
1.1500000000000008,1.40204285340482,2.1639255305104785
1.1600000000000008,1.4237398908378118,2.175464361014128
1.1700000000000008,1.4455517903132156,2.186898098015213
1.1800000000000008,1.467477505660669,2.1982276938284193
1.1900000000000008,1.4895160002139265,2.20945409691418
1.2000000000000008,1.511666246770899,2.220578251598016
1.2100000000000009,1.53392722755097,2.2316010978061174
1.2200000000000009,1.5562979341497454,2.242523570816554
1.2300000000000009,1.5787773674913907,2.2533466010255228
1.2400000000000009,1.601364537778705,2.2640711137280545
1.2500000000000009,1.6240584644410696,2.2746980289126126
1.260000000000001,1.6468581760804128,2.2852282610690415
1.270000000000001,1.6697627104153157,2.2956627190093255
1.280000000000001,1.6927711142233894,2.306002305700643
1.290000000000001,1.7158824432820419,2.3162479181102116
1.300000000000001,1.7390957623077492,2.3264004470614355
1.310000000000001,1.7624101448939438,2.3364607771008816
1.320000000000001,1.7858246734476242,2.3464297863756247
1.330000000000001,1.8093384391247889,2.356308346520518
1.340000000000001,1.8329505417647893,2.366097322554957
1.350000000000001,1.856660089823698,2.3757975727887204
1.360000000000001,1.8804662003067774,2.3854099487364886
1.370000000000001,1.904367998700136,2.3949352950406437
1.380000000000001,1.9283646189016532,2.4043744494019825
1.390000000000001,1.9524552031512477,2.413728242517976
1.400000000000001,1.9766389019605664,2.422997498028222
1.410000000000001,2.000914874042161,2.4321830324667615
1.420000000000001,2.0252822862382223,2.4412856552209257
1.430000000000001,2.049740313448932,2.450306168496402
1.440000000000001,2.0742881385604983,2.4592453672882195
1.450000000000001,2.0989249523729256,2.468104039357358
1.460000000000001,2.1236499535275812,2.4768829652127073
1.470000000000001,2.148462348434604,2.4855829180981
1.480000000000001,2.173322481132929,2.4844936741900994
1.490000000000001,2.1981522227029497,2.481454678978027
1.500000000000001,2.222951575495258,2.478415918596564
1.5100000000000011,2.247720541856631,2.4753773927400275
1.5200000000000011,2.2724591241307897,2.4723391011028237
1.5300000000000011,2.2971673246584,2.4693010433794496
1.5400000000000011,2.3218451457770732,2.4662632192644915
1.5500000000000012,2.346492589821367,2.4632256284526264
1.5600000000000012,2.3711096591227854,2.46018827063862
1.5700000000000012,2.3956963560097817,2.457151145517328
1.5800000000000012,2.4202526828077575,2.454114252783696
1.5900000000000012,2.4447786418390645,2.4510775921327577
1.6000000000000012,2.469274235423005,2.448041163259637
1.6100000000000012,2.4937394658758336,2.4450049658595456
1.6200000000000012,2.518174335510757,2.4419689996277856
1.6300000000000012,2.542578846637935,2.438933264259747
1.6400000000000012,2.5669530015644826,2.4358977594509086
1.6500000000000012,2.5912968025944694,2.4328624848968374
1.6600000000000013,2.615610252028921,2.4298274402931894
1.6700000000000013,2.6398933521658203,2.4267926253357084
1.6800000000000013,2.6641461053001083,2.4237580397202265
1.6900000000000013,2.6883685137236846,2.420723683142664
1.7000000000000013,2.712560579725408,2.4176895552990287
1.7100000000000013,2.7367223055910985,2.4146556558854164
1.7200000000000013,2.7608536936035373,2.41162198459801
1.7300000000000013,2.7849547460424673,2.408588541133081
1.7400000000000013,2.809025465184595,2.405555325186987
1.7500000000000013,2.8330658533035913,2.4025223364561734
1.7600000000000013,2.857075912670091,2.3994895746371734
1.7700000000000014,2.881055645551696,2.3964570394266063
1.7800000000000014,2.9050050542129737,2.393424730521178
1.7900000000000014,2.9289241409154596,2.3903926476176824
1.8000000000000014,2.952812907917657,2.387360790412999
1.8100000000000014,2.9766713574750385,2.3843291586040944
1.8200000000000014,3.000499491840048,2.3812977518880207
1.8300000000000014,3.0242973132620987,2.378266569961917
1.8400000000000014,3.048064823987577,2.3752356125230087
1.8500000000000014,3.071802026259841,2.3722048792686063
1.8600000000000014,3.0955089223192225,2.3691743698961067
1.8700000000000014,3.119185514403028,2.366144084102993
1.8800000000000014,3.1428318047455392,2.3631140215868327
1.8900000000000015,3.1664477955780135,2.3600841820452803
1.9000000000000015,3.1900334891286857,2.357054565176074
1.9100000000000015,3.2135888876227687,2.354025170677039
1.9200000000000015,3.2371139932824535,2.350995998246084
1.9300000000000015,3.2606088083269107,2.347967047581204
1.9400000000000015,3.2840733349722915,2.344938318380478
1.9500000000000015,3.3075075754317282,2.3419098103420697
1.9600000000000015,3.330911531915335,2.338881523164228
1.9700000000000015,3.354285206630209,2.335853456545286
1.9800000000000015,3.3776286017804313,2.3328256101836615
1.9900000000000015,3.400941719567068,2.3297979837778557
2.0000000000000013,3.42422456218817,2.326770577026455
2.010000000000001,3.4474771318387742,2.3237433896281288
2.020000000000001,3.4706994307109054,2.320716421281631
2.0300000000000007,3.493891460993576,2.317689671685799
2.0400000000000005,3.517053224872787,2.314663140539554
2.0500000000000003,3.540184724531529,2.3116368275419004
2.06,3.563285962149784,2.308610732391926
2.07,3.586356939904524,2.3055848547888025
2.0799999999999996,3.6093976599697135,2.3025591944317836
2.0899999999999994,3.632408124516311,2.299533751020207
2.099999999999999,3.655388335712267,2.296508524253493
2.109999999999999,3.678338295722529,2.293483513831144
2.1199999999999988,3.7012580067090366,2.290458719452746
2.1299999999999986,3.724147470830729,2.287434140817967
2.1399999999999983,3.7470066902435404,2.2844097776265575
2.149999999999998,3.769835667100404,2.28138562957835
2.159999999999998,3.792634403551251,2.27836169637326
2.1699999999999977,3.815402901743013,2.2753379777112834
2.1799999999999975,3.838141163819621,2.2723144732924996
2.1899999999999973,3.8608491919220076,2.269291182817069
2.199999999999997,3.8835269881881076,2.266268105985234
2.209999999999997,3.906174554752859,2.263245242497318
2.2199999999999966,3.928791893748202,2.260222592053726
2.2299999999999964,3.951379007303083,2.257200154354945
2.239999999999996,3.973935897543452,2.254177929101542
2.249999999999996,3.996462566592267,2.251155915994165
2.259999999999996,4.018959016569491,2.2481341147335447
2.2699999999999956,4.041425249592097,2.2451125250204904
2.2799999999999954,4.063861267774063,2.2420911465558935
2.289999999999995,4.086267073226379,2.239069979040725
2.299999999999995,4.108642668057045,2.2360490221760374
2.3099999999999947,4.1309880543710715,2.2330282756629627
2.3199999999999945,4.1533032342704805,2.230007739202713
2.3299999999999943,4.175588209854307,2.2269874124965807
2.339999999999994,4.197842983218598,2.223967295245938
2.349999999999994,4.220067556456415,2.220947387152237
2.3599999999999937,4.242261931657837,2.21792768791701
2.3699999999999934,4.264426110909956,2.214908197241868
2.3799999999999932,4.28656009629688,2.211888914828502
2.389999999999993,4.308663889899738,2.2088698403786817
2.399999999999993,4.330737493796672,2.205850973594257
2.4099999999999926,4.352780910062847,2.202832314177156
2.4199999999999924,4.3747941407704465,2.1998138618293863
2.429999999999992,4.396777187988673,2.1967956162530338
2.439999999999992,4.418730053783752,2.193777577150264
2.4499999999999917,4.440652740218931,2.1907597442233198
2.4599999999999915,4.462545249354479,2.187742117174523
2.4699999999999913,4.484407583247689,2.1847246957062745
2.479999999999991,4.5062397439528805,2.1817074795210525
2.489999999999991,4.528041733521396,2.1786904683214137
2.4999999999999907,4.549813554001603,2.1756736618099928
2.5099999999999905,4.571555207438899,2.1726570596895023
2.5199999999999902,4.593266695875706,2.1696406616627324
2.52999999999999,4.614948021351476,2.166624467432551
2.53999999999999,4.636599185902689,2.1636084767019037
2.5499999999999896,4.658220191562856,2.160592689173813
2.5599999999999894,4.679811040362518,2.157577104551379
2.569999999999989,4.701371734329246,2.1545617225377787
2.579999999999989,4.722902275487646,2.1515465428362663
2.5899999999999888,4.744402665859356,2.148531565150173
2.5999999999999885,4.765872907463046,2.145516789182907
2.6099999999999883,4.787313002314422,2.1425022146379518
2.619999999999988,4.8087229524262245,2.139487841218869
2.629999999999988,4.830102759808231,2.1364736686292964
2.6399999999999877,4.8514524264672545,2.1334596965729475
2.6499999999999875,4.872771954407146,2.1304459247536123
2.6599999999999873,4.8940613456287965,2.1274323528751564
2.669999999999987,4.915320602130133,2.124418980641522
2.679999999999987,4.936549725906123,2.121405807756727
2.6899999999999866,4.957748718948777,2.1183928339248648
2.6999999999999864,4.978917583247144,2.1153800588501044
2.709999999999986,5.0000563207873165,2.11236748223669
2.719999999999986,5.02116493355243,2.1093551037889418
2.7299999999999858,5.042243423522662,2.1063429232112547
2.7399999999999856,5.063291792675237,2.1033309402080986
2.7499999999999853,5.084310042984422,2.100319154484019
2.759999999999985,5.10529817642153,2.0973075657436357
2.769999999999985,5.126256194954923,2.0942961736916437
2.7799999999999847,5.147184100550008,2.0912849780328115
2.7899999999999845,5.16808189516924,2.088273978471984
2.7999999999999843,5.188949580772124,2.0852631747140786
2.809999999999984,5.209787159315214,2.0822525664640885
2.819999999999984,5.230594632752115,2.0792421534270797
2.8299999999999836,5.251372003033482,2.076231935308193
2.8399999999999834,5.272119272107023,2.0732219118126434
2.849999999999983,5.292836441917498,2.070212082645719
2.859999999999983,5.313523514406718,2.0672024475127815
2.869999999999983,5.334180491513552,2.064193006119267
2.8799999999999826,5.35480737517392,2.061183758170684
2.8899999999999824,5.3754041673208,2.0581747033726154
2.899999999999982,5.395970869884226,2.0551658414307163
2.909999999999982,5.416507484791287,2.0521571720507157
2.9199999999999817,5.437014013966133,2.0491486949384146
2.9299999999999815,5.457490459329968,2.046140409799688
2.9399999999999813,5.477936822801058,2.043132316340482
2.949999999999981,5.498353106294729,2.040124414266818
2.959999999999981,5.518739311723366,2.0371167032847866
2.9699999999999807,5.539095440996417,2.0341091831005533
2.9799999999999804,5.5594214960203905,2.0311018534203544
2.9899999999999802,5.579717478698859,2.0280947139504995
2.99999999999998,5.599983390932456,2.025087764397369
3.00999999999998,5.620219234618883,2.022081004467416
3.0199999999999796,5.640425011652903,2.0190744338671647
3.0299999999999794,5.660600723926347,2.0160680523032117
3.039999999999979,5.680746373328111,2.0130618594822254
3.049999999999979,5.700861961744157,2.010055855110944
3.0599999999999787,5.720947491057518,2.007050038896179
3.0699999999999785,5.741002963148293,2.004044410544812
3.0799999999999783,5.7610283798936495,2.0010389697637954
3.089999999999978,5.781023743167827,1.9980337162601531
3.099999999999978,5.800989054842135,1.99502864974098
3.1099999999999777,5.820924316784953,1.992023769913441
3.1199999999999775,5.8408295308617335,1.9890190764847724
3.1299999999999772,5.8607046989350025,1.9860145691622806
3.139999999999977,5.880549822864358,1.9830102476533422
3.149999999999977,5.900364904506473,1.9800061116654044
3.1599999999999766,5.920149945715095,1.9770021609059842
3.1699999999999764,5.939904948341047,1.9739983950826692
3.179999999999976,5.959629914232228,1.9709948139031161
3.189999999999976,5.979324845233615,1.9679914170750519
3.1999999999999758,5.99898974318726,1.9649882043062732
3.2099999999999755,6.0186246099322975,1.961985175304646
3.2199999999999753,6.038229447304937,1.9589823297781057
3.229999999999975,6.0578042571384705,1.9559796674346575
3.239999999999975,6.077349041263268,1.952977187982375
3.2499999999999747,6.096863801506783,1.9499748911294017
3.2599999999999745,6.116348539693548,1.9469727765839495
3.2699999999999743,6.135803257645181,1.9439708440542993
3.279999999999974,6.155227957180381,1.9409690932488008
3.289999999999974,6.174622640114932,1.9379675238758725
3.2999999999999736,6.193987308261702,1.9349661356440009
3.3099999999999734,6.213321963430644,1.9319649282617413
3.319999999999973,6.232626607428798,1.9289639014377171
3.329999999999973,6.251901242060288,1.92596305488062
3.3399999999999728,6.271145869126329,1.9229623882992093
3.3499999999999726,6.290360490425221,1.9199619014023128
3.3599999999999723,6.309545107752354,1.916961593898826
3.369999999999972,6.328699722900206,1.9139614654977117
3.379999999999972,6.347824337658346,1.9109615159080007
3.3899999999999717,6.366918953813434,1.9079617448387909
3.3999999999999715,6.38598357314922,1.9049621519992477
3.4099999999999713,6.405018197446548,1.9019627370986039
3.419999999999971,6.424022828483353,1.898963499846159
3.429999999999971,6.4429974680346636,1.89596443995128
3.4399999999999706,6.461942117872602,1.8929655571234003
3.4499999999999704,6.480856779766387,1.8899668510720204
3.45999999999997,6.499741455482329,1.8869683215067075
3.46999999999997,6.51859614678384,1.8839699681370947
3.47999999999997,6.537420855431423,1.8809717906728824
3.4899999999999696,6.556215583182681,1.8779737888238368
3.4999999999999694,6.5749803317923154,1.8749759622997904
3.509999999999969,6.593715103012126,1.8719783108106416
3.519999999999969,6.612419898591011,1.868980834066355
3.5299999999999687,6.6310947202749695,1.8659835317769609
3.5399999999999685,6.6497395698071005,1.8629864036525552
3.5499999999999683,6.668354448927604,1.8599894494032998
3.559999999999968,6.686939359373784,1.8569926687394218
3.569999999999968,6.705494302880044,1.8539960613712139
3.5799999999999677,6.7240192811778945,1.8509996270090339
3.5899999999999674,6.742514295995947,1.8480033653633046
3.5999999999999672,6.760979349059918,1.845007276144514
3.609999999999967,6.779414442092629,1.8420113590632152
3.619999999999967,6.7978195768140095,1.839015613830026
3.6299999999999666,6.816194754941093,1.8360200401556288
3.6399999999999664,6.834539978188021,1.8330246377507706
3.649999999999966,6.852855248266042,1.830029406326263
3.659999999999966,6.871140566883517,1.8270343455929816
3.6699999999999657,6.88939593574591,1.8240394552618666
3.6799999999999655,6.907621356555798,1.8210447350439223
3.6899999999999653,6.9258168310128685,1.8180501846502168
3.699999999999965,6.94398236081392,1.8150558037918822
3.709999999999965,6.962117947652862,1.8120615921801146
3.7199999999999647,6.980223593220716,1.8090675495261734
3.7299999999999645,6.998299299205616,1.8060736755413818
3.7399999999999642,7.016345067292812,1.803079969937126
3.749999999999964,7.034360899164665,1.8000864324248564
3.759999999999964,7.052346796500654,1.7970930627160857
3.7699999999999636,7.070302760977371,1.7940998605223903
3.7799999999999634,7.088228794268525,1.7911068255554092
3.789999999999963,7.106124898044941,1.7881139575268448
3.799999999999963,7.123991073974563,1.7851212561484615
3.8099999999999627,7.141827323722451,1.7821287211320869
3.8199999999999625,7.159633648950784,1.7791363521896109
3.8299999999999623,7.177410051318862,1.776144149032986
3.839999999999962,7.195156532483103,1.7731521113742266
3.849999999999962,7.212873094097046,1.7701602389254099
3.8599999999999617,7.230559737811351,1.7671685313986747
3.8699999999999615,7.2482164652738,1.764176988506222
3.8799999999999613,7.265843278129298,1.7611856099603145
3.889999999999961,7.28344017801987,1.7581943954732768
3.899999999999961,7.301007166584667,1.755203344757495
3.9099999999999606,7.318544245459965,1.7522124575254168
3.9199999999999604,7.3360514162791635,1.749221733489551
3.92999999999996,7.353528680672786,1.7462311723624682
3.93999999999996,7.370976040268484,1.7432407738567997
3.9499999999999598,7.388393496691036,1.740250537685238
3.9599999999999596,7.405781051562345,1.7372604635605366
3.9699999999999593,7.423138706501445,1.73427055119551
3.979999999999959,7.440466463124497,1.7312808003030333
3.989999999999959,7.45776432304479,1.728291210596042
3.9999999999999587,7.475032287872746,1.7253017817875322
4.009999999999959,7.492270359215913,1.7223125135905606
4.019999999999959,7.509478538678972,1.7193234057182438
4.0299999999999585,7.526656827863737,1.716334457883759
4.039999999999958,7.543805228369151,1.7133456698003429
4.049999999999958,7.560923741791291,1.7103570411812927
4.059999999999958,7.578012369723369,1.7073685717399651
4.069999999999958,7.595071113755727,1.7043802611897767
4.079999999999957,7.6120999754758465,1.7013921092442033
4.089999999999957,7.629098956468339,1.6984041156167806
4.099999999999957,7.646068058314955,1.6954162800211035
4.109999999999957,7.663007282594579,1.6924286021708261
4.119999999999957,7.679916630883235,1.689441081779662
4.129999999999956,7.696796104754082,1.686453718561383
4.139999999999956,7.713645705777418,1.6834665122298211
4.149999999999956,7.7304654355206806,1.680479462498866
4.159999999999956,7.747255295548444,1.6774925690824665
4.1699999999999555,7.764015287422425,1.67450583169463
4.179999999999955,7.780745412701479,1.6715192500494225
4.189999999999955,7.797445672941603,1.668532823860968
4.199999999999955,7.814116069695935,1.6655465528434492
4.209999999999955,7.830756604514756,1.6625604367111066
4.2199999999999545,7.847367278945488,1.659574475178239
4.229999999999954,7.8639480945327,1.656588667959203
4.239999999999954,7.8804990528181,1.6536030147684129
4.249999999999954,7.8970201553405435,1.6506175153203406
4.259999999999954,7.913511403636031,1.647632169329516
4.269999999999953,7.9299727992377065,1.644646976510526
4.279999999999953,7.946404343675862,1.6416619365780154
4.289999999999953,7.962806038477937,1.6386770492466856
4.299999999999953,7.979177885168515,1.6356923142312956
4.3099999999999525,7.995519885269331,1.6327077312466614
4.319999999999952,8.011832040299268,1.6297233000076559
4.329999999999952,8.028114351774354,1.6267390202292085
4.339999999999952,8.04436682120777,1.6237548916263058
4.349999999999952,8.060589450109848,1.6207709139139905
4.3599999999999515,8.076782239988068,1.617787086807362
4.369999999999951,8.092945192347065,1.6148034100215762
4.379999999999951,8.10907830868862,1.611819883271845
4.389999999999951,8.125181590511673,1.6088365062734367
4.399999999999951,8.14125503931231,1.6058532787416753
4.40999999999995,8.157298656583778,1.6028702003919408
4.41999999999995,8.173312443816474,1.5998872709396692
4.42999999999995,8.189296402497948,1.5969044901003522
4.43999999999995,8.20525053411291,1.5939218575895369
4.4499999999999496,8.22117484014322,1.5909393731228259
4.459999999999949,8.2370693220679,1.5879570364158773
4.469999999999949,8.252933981363123,1.5849748471844043
4.479999999999949,8.268768819502224,1.5819928051441754
4.489999999999949,8.284573837955696,1.5790109100110141
4.4999999999999485,8.300349038191188,1.5760291615007986
4.509999999999948,8.316094421673508,1.5730475593294624
4.519999999999948,8.331809989864626,1.5700661032129932
4.529999999999948,8.34749574422367,1.5670847928674336
4.539999999999948,8.36315168620693,1.5641036280088805
4.549999999999947,8.378777817267856,1.5611226083534853
4.559999999999947,8.394374138857064,1.5581417336174537
4.569999999999947,8.409940652422325,1.5551610035170453
4.579999999999947,8.425477359408578,1.552180417768574
4.589999999999947,8.440984261257924,1.5491999760884076
4.599999999999946,8.456461359409628,1.5462196781929678
4.609999999999946,8.47190865530012,1.5432395237987295
4.619999999999946,8.487326150362996,1.540259512622222
4.629999999999946,8.502713846029014,1.5372796443800276
4.6399999999999455,8.5180717437261,1.534299918788782
4.649999999999945,8.533399844879348,1.5313203355651743
4.659999999999945,8.548698150911019,1.5283408944259467
4.669999999999945,8.563966663240539,1.5253615950878945
4.679999999999945,8.579205383284505,1.5223824372678658
4.689999999999944,8.59441431245668,1.519403420682762
4.699999999999944,8.609593452168,1.5164245450495366
4.709999999999944,8.624742803826567,1.513445810085196
4.719999999999944,8.639862368837656,1.5104672155067993
4.729999999999944,8.654952148603712,1.5074887610314578
4.739999999999943,8.670012144524351,1.504510446376335
4.749999999999943,8.685042357996362,1.5015322712586467
4.759999999999943,8.700042790413706,1.498554235395661
4.769999999999943,8.715013443167516,1.4955763385046972
4.7799999999999425,8.729954317646099,1.4925985803031274
4.789999999999942,8.744865415234935,1.489620960508375
4.799999999999942,8.75974673731668,1.486643478837915
4.809999999999942,8.774598285271166,1.483666135009274
4.819999999999942,8.789420060475397,1.48068892874003
4.8299999999999415,8.804212064303556,1.4777118597478123
4.839999999999941,8.818974298127001,1.4747349277503015
4.849999999999941,8.83370676331427,1.4717581324652291
4.859999999999941,8.848409461231073,1.4687814736103777
4.869999999999941,8.863082393240303,1.4658049509035809
4.87999999999994,8.87772556070203,1.4628285640627228
4.88999999999994,8.892338964973504,1.4598523128057384
4.89999999999994,8.906922607409152,1.456876196850613
4.90999999999994,8.921476489360582,1.4539002159153827
4.9199999999999395,8.936000612176587,1.4509243697181335
4.929999999999939,8.950494977203133,1.447948657977002
4.939999999999939,8.964959585783374,1.4449730804101746
4.949999999999939,8.979394439257645,1.441997636735888
4.959999999999939,8.993799538963462,1.4390223266724285
4.9699999999999385,9.008174886235524,1.4360471499381324
4.979999999999938,9.022520482405717,1.4330721062513858
4.989999999999938,9.036836328803107,1.430097195330624
4.999999999999938,9.051122426753945,1.427122416894332
5.009999999999938,9.065378777581671,1.424147770661044
5.019999999999937,9.079605382606905,1.4211732563493435
5.029999999999937,9.093802243147458,1.4181988736778637
5.039999999999937,9.107969360518325,1.4152246223652858
5.049999999999937,9.12210673603169,1.4122505021303409
5.0599999999999365,9.136214370996921,1.409276512691808
5.069999999999936,9.150292266720577,1.4063026537685157
5.079999999999936,9.164340424506404,1.4033289250793406
5.089999999999936,9.17835884565534,1.400355326343208
5.099999999999936,9.19234753146551,1.3973818572790915
5.1099999999999355,9.206306483232227,1.394408517606013
5.119999999999935,9.220235702247997,1.3914353070430427
5.129999999999935,9.234135189802519,1.3884622253092989
5.139999999999935,9.248004947182679,1.3854892721239476
5.149999999999935,9.261844975672556,1.3825164472062026
5.159999999999934,9.275655276553424,1.3795437502753258
5.169999999999934,9.289435851103748,1.3765711810506267
5.179999999999934,9.303186700599188,1.373598739251462
5.189999999999934,9.316907826312594,1.3706264245972357
5.199999999999934,9.330599229514014,1.3676542368073996
5.209999999999933,9.34426091147069,1.3646821756014527
5.219999999999933,9.357892873447055,1.3617102406989405
5.229999999999933,9.371495116704745,1.3587384318194562
5.239999999999933,9.385067642502587,1.3557667486826395
5.2499999999999325,9.398610452096607,1.3527951910081766
5.259999999999932,9.412123546740025,1.349823758515801
5.269999999999932,9.425606927683262,1.3468524509252924
5.279999999999932,9.439060596173936,1.3438812679564769
5.289999999999932,9.452484553456864,1.340910209329227
5.299999999999931,9.46587880077406,1.3379392747634617
5.309999999999931,9.47924333936474,1.3349684639791457
5.319999999999931,9.492578170465315,1.3319977766962898
5.329999999999931,9.505883295309403,1.3290272126349512
5.339999999999931,9.51915871512782,1.3260567715152323
5.34999999999993,9.53240443114858,1.3230864530572815
5.35999999999993,9.545620444596905,1.3201162569812925
5.36999999999993,9.558806756695214,1.317146183007505
5.37999999999993,9.57196336866313,1.314176230856204
5.3899999999999295,9.58509028171748,1.311206400247719
5.399999999999929,9.598187497072296,1.308236690902426
5.409999999999929,9.611255015938807,1.3052671025407445
5.419999999999929,9.624292839525456,1.3022976348831403
5.429999999999929,9.637300969037884,1.2993282876501235
5.4399999999999284,9.650279405678942,1.2963590605622488
5.449999999999928,9.663228150648683,1.2933899533401156
5.459999999999928,9.676147205144366,1.2904209657043682
5.469999999999928,9.689036570360459,1.2874520973756949
5.479999999999928,9.701896247488639,1.2844833480748283
5.489999999999927,9.714726237717786,1.2815147175225456
5.499999999999927,9.727526542233988,1.278546205439668
5.509999999999927,9.740297162220546,1.2755778115470602
5.519999999999927,9.753038098857967,1.2726095355656313
5.5299999999999265,9.765749353323967,1.269641377216334
5.539999999999926,9.77843092679347,1.2666733362201648
5.549999999999926,9.791082820438616,1.2637054122981635
5.559999999999926,9.80370503542875,1.2607376051714136
5.569999999999926,9.816297572930432,1.2577699145610421
5.5799999999999255,9.82886043410743,1.2548023401882191
5.589999999999925,9.841393620120725,1.2518348817741576
5.599999999999925,9.853897132128512,1.2488675390401138
5.609999999999925,9.866370971286198,1.245900311707387
5.619999999999925,9.878815138746402,1.2429331994973194
5.629999999999924,9.891229635658958,1.2399662021312954
5.639999999999924,9.903614463170912,1.2369993193307425
5.649999999999924,9.915969622426529,1.2340325508171306
5.659999999999924,9.928295114567282,1.2310658963119718
5.6699999999999235,9.940590940731868,1.228099355536821
5.679999999999923,9.952857102056191,1.2251329282132746
5.689999999999923,9.965093599673377,1.2221666140629717
5.699999999999923,9.977300434713767,1.219200412807593
5.709999999999923,9.989477608304918,1.2162343241688616
5.7199999999999225,10.001625121571607,1.2132683478685415
5.729999999999922,10.013742975635823,1.210302483628439
5.739999999999922,10.025831171616781,1.207336731170402
5.749999999999922,10.03788971063091,1.2043710902163194
5.759999999999922,10.04991859379186,1.2014055604881217
5.769999999999921,10.061917822210498,1.198440141707781
5.779999999999921,10.073887396994914,1.1954748335973098
5.789999999999921,10.085827319250416,1.1925096358787624
5.799999999999921,10.097737590079536,1.1895445482742333
5.809999999999921,10.109618210582022,1.1865795705058584
5.81999999999992,10.121469181854847,1.1836147022958141
5.82999999999992,10.133290504992207,1.1806499433663173
5.83999999999992,10.145082181085517,1.1776852934396258
5.84999999999992,10.156844211223417,1.1747207522380372
5.8599999999999195,10.16857659649177,1.1717563194838898
5.869999999999919,10.18027933797366,1.1687919948995622
5.879999999999919,10.191952436749402,1.1658277782074726
5.889999999999919,10.203595893896527,1.1628636691300798
5.899999999999919,10.215209710489795,1.1598996673898818
5.909999999999918,10.22679388760119,1.156935772709417
5.919999999999918,10.238348426299924,1.153971984811263
5.929999999999918,10.249873327652432,1.1510083034180374
5.939999999999918,10.261368592722377,1.148044728252397
5.949999999999918,10.272834222570648,1.1450812590370376
5.959999999999917,10.284270218255362,1.142117895494695
5.969999999999917,10.295676580831861,1.1391546373481434
5.979999999999917,10.30705331135272,1.1361914843201968
5.989999999999917,10.318400410867737,1.1332284361337075
5.9999999999999165,10.329717880423942,1.1302654925115667
6.009999999999916,10.341005721065592,1.1273026531767047
6.019999999999916,10.352263933834177,1.1243399178520903
6.029999999999916,10.363492519768412,1.1213772862607305
6.039999999999916,10.374691479904246,1.118414758125671
6.0499999999999154,10.385860815274857,1.1154523331699955
6.059999999999915,10.397000526910654,1.1124900111168263
6.069999999999915,10.408110615839279,1.1095277916893238
6.079999999999915,10.419191083085604,1.106565674610686
6.089999999999915,10.430241929671734,1.103603659604149
6.099999999999914,10.441263156617005,1.1006417463929867
6.109999999999914,10.452254764937988,1.0976799347005106
6.119999999999914,10.463216755648489,1.09471822425007
6.129999999999914,10.474149129759542,1.0917566147650513
6.1399999999999135,10.48505188827942,1.0887951059688785
6.149999999999913,10.495925032213627,1.085833697585013
6.159999999999913,10.506768562564906,1.082872389336953
6.169999999999913,10.51758248033323,1.079911180948234
6.179999999999913,10.528366786515813,1.0769500721424285
6.1899999999999125,10.5391214821071,1.0739890626431456
6.199999999999912,10.549846568098777,1.0710281521740312
6.209999999999912,10.560542045479762,1.0680673404587682
6.219999999999912,10.571207915236212,1.0651066272210754
6.229999999999912,10.58184417835152,1.0621460121847086
6.239999999999911,10.592450835806321,1.0591854950734596
6.249999999999911,10.603027888578485,1.0562250756111564
6.259999999999911,10.61357533764312,1.0532647535216633
6.269999999999911,10.624093183972574,1.0503045285288806
6.2799999999999105,10.634581428536434,1.0473444003567445
6.28999999999991,10.645040072301525,1.0443843687292267
6.29999999999991,10.655469116231913,1.041424433370335
6.30999999999991,10.665868561288907,1.0384645940041128
6.31999999999991,10.676238408431052,1.0355048503546387
6.3299999999999095,10.686578658614136,1.0325452021460269
6.339999999999909,10.696889312791189,1.0295856491024267
6.349999999999909,10.707170371912483,1.0266261909480228
6.359999999999909,10.717421836925528,1.0236668274070349
6.369999999999909,10.727643708775082,1.0207075582037175
6.379999999999908,10.737835988403143,1.0177483830623604
6.389999999999908,10.747998676748951,1.0147893017072875
6.399999999999908,10.75813177474899,1.0118303138628582
6.409999999999908,10.768235283336992,1.0088714192534658
6.419999999999908,10.778309203443925,1.0059126176035382
6.429999999999907,10.78835353599801,1.0029539086375379
6.439999999999907,10.798368281924704,0.9999952920799613
6.449999999999907,10.808353442146718,0.9970367676553392
6.459999999999907,10.818309017584003,0.9940783350882364
6.4699999999999065,10.828235009153756,0.9911199941032516
6.479999999999906,10.838131417770423,0.9881617444250174
6.489999999999906,10.847998244345694,0.9852035857781999
6.499999999999906,10.857835489788508,0.9822455178874991
6.509999999999906,10.867643155005048,0.9792875404776485
6.519999999999905,10.877421240898746,0.976329653273415
6.529999999999905,10.887169748370283,0.9733718559995987
6.539999999999905,10.896888678317588,0.970414148381033
6.549999999999905,10.906578031635837,0.9674565301425844
6.559999999999905,10.916237809217456,0.9644990010091524
6.569999999999904,10.92586801195212,0.9615415607056695
6.579999999999904,10.935468640726754,0.958584208957101
6.589999999999904,10.94503969642553,0.9556269454884445
6.599999999999904,10.954581179929873,0.9526697700247309
6.6099999999999035,10.964093092118459,0.949712682291023
6.619999999999903,10.973575433867211,0.9467556820124164
6.629999999999903,10.983028206049308,0.9437987689140388
6.639999999999903,10.992451409535176,0.94084194272105
6.649999999999903,11.001845045192498,0.9378852031586421
6.659999999999902,11.011209113886203,0.934928549952039
6.669999999999902,11.020543616478475,0.9319719828264965
6.679999999999902,11.029848553828753,0.9290155015073024
6.689999999999902,11.039123926793726,0.9260591057197758
6.699999999999902,11.048369736227338,0.9231027951892676
6.709999999999901,11.057585982980786,0.9201465696411603
6.719999999999901,11.066772667902521,0.9171904288008673
6.729999999999901,11.075929791838249,0.9142343723938339
6.739999999999901,11.085057355630928,0.911278400145536
6.7499999999999005,11.094155360120775,0.9083225117814808
6.7599999999999,11.103223806145257,0.9053667070272066
6.7699999999999,11.112262694539103,0.9024109856082821
6.7799999999999,11.121272026134292,0.8994553472503073
6.7899999999999,11.130251801760064,0.8964997916789124
6.7999999999998995,11.13920202224291,0.8935443186197582
6.809999999999899,11.148122688406584,0.8905889277985364
6.819999999999899,11.157013801072093,0.8876336189409685
6.829999999999899,11.165875361057703,0.8846783917728065
6.839999999999899,11.174707369178934,0.8817232460198324
6.849999999999898,11.183509826248569,0.8787681814078584
6.859999999999898,11.192282733076647,0.8758131976627265
6.869999999999898,11.201026090470465,0.8728582945103085
6.879999999999898,11.209739899234581,0.8699034716765061
6.8899999999998975,11.21842416017081,0.8669487288872504
6.899999999999897,11.227078874078227,0.8639940658685021
6.909999999999897,11.235704041753168,0.8610394823462515
6.919999999999897,11.244299663989228,0.858084978046518
6.929999999999897,11.252865741577262,0.8551305526953501
6.9399999999998965,11.261402275305384,0.8521762060188258
6.949999999999896,11.269909265958974,0.8492219377430519
6.959999999999896,11.278386714320668,0.8462677475941639
6.969999999999896,11.286834621170367,0.8433136352983265
6.979999999999896,11.295252987285233,0.8403596005817328
6.989999999999895,11.303641813439688,0.8374056431706046
6.999999999999895,11.312001100405418,0.8344517627911924
7.009999999999895,11.320330848951372,0.8314979591697746
7.019999999999895,11.328631059843762,0.8285442320326585
7.0299999999998946,11.33690173384606,0.8255905811061791
7.039999999999894,11.345142871719007,0.8226370061166998
7.049999999999894,11.353354474220605,0.8196835067906117
7.059999999999894,11.36153654210612,0.8167300828543341
7.069999999999894,11.369689076128079,0.8137767340343139
7.0799999999998935,11.37781207703628,0.8108234600570258
7.089999999999893,11.385905545577783,0.8078702606489718
7.099999999999893,11.393969482496912,0.8049171355366819
7.109999999999893,11.402003888535258,0.8019640844467129
7.119999999999893,11.410008764431677,0.7990111071056492
7.129999999999892,11.417984110922289,0.7960582032401023
7.139999999999892,11.425929928740485,0.7931053725767109
7.149999999999892,11.43384621861692,0.7901526148421404
7.159999999999892,11.441732981279513,0.7871999297630834
7.169999999999892,11.449590217453455,0.7842473170662589
7.179999999999891,11.4574179278612,0.781294776478413
7.189999999999891,11.465216113222475,0.7783423077263179
7.199999999999891,11.472984774254268,0.7753899105367724
7.209999999999891,11.480723911670841,0.7724375846366021
7.2199999999998905,11.488433526183721,0.7694853297526582
7.22999999999989,11.496113618501704,0.7665331456118184
7.23999999999989,11.503764189330857,0.7635810319409865
7.24999999999989,11.511385239374514,0.7606289884670921
7.25999999999989,11.518976769333278,0.7576770149170908
7.269999999999889,11.526538779905025,0.7547251110179639
7.279999999999889,11.534071271784896,0.7517732764967182
7.289999999999889,11.541574245665307,0.7488215110803863
7.299999999999889,11.549047702235944,0.745869814496026
7.309999999999889,11.556491642183758,0.7429181864707206
7.319999999999888,11.563906066192978,0.7399666267315786
7.329999999999888,11.5712909749451,0.7370151350057338
7.339999999999888,11.578646369118895,0.7340637110203446
7.349999999999888,11.5859722493904,0.7311123545025949
7.3599999999998875,11.59326861643293,0.728161065179693
7.369999999999887,11.600535470917068,0.7252098427788722
7.379999999999887,11.607772813510671,0.7222586870273904
7.389999999999887,11.614980644878871,0.7193075976525298
7.399999999999887,11.622158965684068,0.7163565743815974
7.4099999999998865,11.629307776585941,0.7134056169419243
7.419999999999886,11.636427078241436,0.7104547250608658
7.429999999999886,11.643516871304778,0.7075038984658015
7.439999999999886,11.650577156427463,0.704553136884135
7.449999999999886,11.657607934258262,0.7016024400432936
7.459999999999885,11.664609205443222,0.6986518076707288
7.469999999999885,11.671580970625662,0.6957012394939154
7.479999999999885,11.678523230446178,0.6927507352403521
7.489999999999885,11.68543598554264,0.6898002946375612
7.4999999999998845,11.69231923655019,0.6868499174130882
7.509999999999884,11.699172984101253,0.6838996032945021
7.519999999999884,11.705997228825524,0.6809493520093948
7.529999999999884,11.712791971349978,0.6779991632853818
7.539999999999884,11.719557212298861,0.6750490368501013
7.5499999999998835,11.7262929522937,0.6720989724312145
7.559999999999883,11.732999191953299,0.6691489697564054
7.569999999999883,11.739675931893736,0.6661990285533806
7.579999999999883,11.746323172728365,0.6632491485498697
7.589999999999883,11.752940915067823,0.6602993294736244
7.599999999999882,11.75952915952002,0.6573495710524189
7.609999999999882,11.766087906690148,0.6543998730140499
7.619999999999882,11.77261715718067,0.6514502350863361
7.629999999999882,11.779116911591336,0.6485006569971187
7.6399999999998816,11.785587170519168,0.6455511384742603
7.649999999999881,11.792027934558469,0.6426016792456457
7.659999999999881,11.798439204300822,0.6396522790391818
7.669999999999881,11.804820980335087,0.6367029375827967
7.679999999999881,11.811173263247404,0.6337536546044404
7.6899999999998805,11.817496053621195,0.6308044298320845
7.69999999999988,11.823789352037158,0.6278552629937217
7.70999999999988,11.830053159073275,0.6249061538173663
7.71999999999988,11.836287475304806,0.6219571020310535
7.72999999999988,11.84249230130429,0.6190081073628398
7.739999999999879,11.84866763764155,0.6160591695408029
7.749999999999879,11.854813484883687,0.6131102882930409
7.759999999999879,11.860929843595086,0.6101614633476733
7.769999999999879,11.86701671433741,0.6072126944328398
7.779999999999879,11.873074097669605,0.6042639812767008
7.789999999999878,11.8791019941479,0.6013153236074373
7.799999999999878,11.885100404325804,0.5983667211532508
7.809999999999878,11.89106932875411,0.595418173642363
7.819999999999878,11.897008767980891,0.5924696808030158
7.8299999999998775,11.902918722551503,0.589521242363471
7.839999999999877,11.908799193008587,0.5865728580520109
7.849999999999877,11.914650179892064,0.5836245275969371
7.859999999999877,11.920471683739141,0.5806762507265714
7.869999999999877,11.926263705084306,0.5777280271692551
7.879999999999876,11.932026244459331,0.5747798566533492
7.889999999999876,11.937759302393273,0.5718317389072343
7.899999999999876,11.94346287941247,0.56888367365931
7.909999999999876,11.949136976040547,0.5659356606379957
7.919999999999876,11.954781592798414,0.5629876995717297
7.929999999999875,11.96039673020426,0.5600397901889693
7.939999999999875,11.965982388773567,0.5570919322181912
7.949999999999875,11.971538569019094,0.5541441253878906
7.959999999999875,11.977065271450888,0.5511963694265816
7.9699999999998745,11.982562496576284,0.548248664062797
7.979999999999874,11.988030244899898,0.5453010090250884
7.989999999999874,11.993468516923635,0.5423534040420255
7.999999999999874,11.998877313146682,0.5394058488421967
8.009999999999874,12.004256634065518,0.5364583431542086
8.019999999999873,12.009606480173902,0.533510886706686
8.029999999999873,12.014926851962882,0.5305634792282717
8.039999999999873,12.020217749920793,0.5276161204476267
8.049999999999873,12.025479174533256,0.5246688100934298
8.059999999999873,12.03071112628318,0.5217215478943774
8.069999999999872,12.035913605650757,0.5187743335791839
8.079999999999872,12.041086613113471,0.515827166876581
8.089999999999872,12.046230149146092,0.5128800475153181
8.099999999999872,12.051344214220677,0.509932975224162
8.109999999999872,12.05642880880657,0.5069859497318967
8.119999999999871,12.061483933370406,0.5040389707673233
8.129999999999871,12.066509588376105,0.5010920380592602
8.139999999999871,12.071505774284876,0.49814515133654264
8.14999999999987,12.076472491555217,0.4951983103280228
8.15999999999987,12.081409740642913,0.49225151476256973
8.16999999999987,12.08631752200104,0.48930476436906906
8.17999999999987,12.091195836079963,0.486358058876423
8.18999999999987,12.096044683327335,0.48341139801355043
8.19999999999987,12.100864064188098,0.4804647815093864
8.20999999999987,12.105653979104483,0.4775182090928823
8.21999999999987,12.11041442851601,0.47457168049300585
8.229999999999869,12.115145412859494,0.47162519543874076
8.239999999999869,12.119846932569034,0.46867875365908673
8.249999999999869,12.124518988076021,0.4657323548830593
8.259999999999868,12.129161579809137,0.46278599883968996
8.269999999999868,12.133774708194354,0.45983968525802577
8.279999999999868,12.138358373654933,0.4568934138671294
8.289999999999868,12.142912576611428,0.453947184396079
8.299999999999867,12.147437317481684,0.45100099657396814
8.309999999999867,12.151932596680835,0.4480548501299057
8.319999999999867,12.156398414621306,0.44510874479301576
8.329999999999867,12.160834771712816,0.44216268029243744
8.339999999999867,12.165241668362373,0.4392166563573249
8.349999999999866,12.169619104974279,0.4362706727168471
8.359999999999866,12.173967081950124,0.433324729100188
8.369999999999866,12.178285599688794,0.430378825236546
8.379999999999866,12.182574658586462,0.4274329608551343
8.389999999999866,12.186834259036601,0.4244871356851805
8.399999999999865,12.19106440142997,0.4215413494559266
8.409999999999865,12.19526508615462,0.41859560189662887
8.419999999999865,12.1994363135959,0.41564989273655784
8.429999999999865,12.203578084136447,0.41270422170499815
8.439999999999864,12.207690398156194,0.40975858853124836
8.449999999999864,12.211773256032362,0.406812992944621
8.459999999999864,12.215826658139473,0.40386743467444225
8.469999999999864,12.219850604849338,0.4009219134500522
8.479999999999864,12.22384509653106,0.3979764290008044
8.489999999999863,12.227810133551037,0.39503098105606593
8.499999999999863,12.231745716272961,0.3920855693452173
8.509999999999863,12.235651845057818,0.38914019359765234
8.519999999999863,12.239528520263889,0.38619485354277794
8.529999999999863,12.243375742246748,0.3832495489100142
8.539999999999862,12.247193511359262,0.3803042794287943
8.549999999999862,12.250981827951593,0.37735904482856414
8.559999999999862,12.2547406923712,0.3744138448387825
8.569999999999862,12.258470104962836,0.3714686791889209
8.579999999999862,12.262170066068544,0.36852354760846345
8.589999999999861,12.265840576027667,0.3655784498269067
8.599999999999861,12.269481635176843,0.3626333855737597
8.60999999999986,12.273093243850003,0.3596883545785437
8.61999999999986,12.276675402378373,0.35674335657079226
8.62999999999986,12.280228111090477,0.353798391280051
8.63999999999986,12.28375137031213,0.35085345843587745
8.64999999999986,12.287245180366448,0.34790855776784124
8.65999999999986,12.29070954157384,0.3449636890055237
8.66999999999986,12.29414445425201,0.3420188518785178
8.67999999999986,12.29754991871596,0.33907404611642833
8.68999999999986,12.300925935277988,0.33612927144887134
8.699999999999859,12.304272504247685,0.3331845276054744
8.709999999999859,12.307589625931943,0.3302398143158764
8.719999999999859,12.310877300634948,0.3272951313097274
8.729999999999858,12.31413552865818,0.32435047831668873
8.739999999999858,12.317364310300423,0.3214058550664325
8.749999999999858,12.320563645857751,0.31846126128864183
8.759999999999858,12.323733535623537,0.3155166967130107
8.769999999999857,12.326873979888452,0.3125721610692437
8.779999999999857,12.32998497894046,0.3096276540870561
8.789999999999857,12.33306653306483,0.3066831754961738
8.799999999999857,12.336118642544122,0.3037387250263329
8.809999999999857,12.339141307658194,0.30079430240728
8.819999999999856,12.342134528684202,0.2978499073687717
8.829999999999856,12.345098305896602,0.294905539640575
8.839999999999856,12.348032639567148,0.29196119895246664
8.849999999999856,12.350937529964886,0.2890168850342335
8.859999999999856,12.353812977356165,0.28607259761567216
8.869999999999855,12.356658982004632,0.2831283364265889
8.879999999999855,12.359475544171229,0.28018410119679976
8.889999999999855,12.362262664114198,0.27723989165613017
8.899999999999855,12.36502034208908,0.27429570753441507
8.909999999999854,12.367748578348715,0.2713515485614986
8.919999999999854,12.37044737314324,0.2684074144672343
8.929999999999854,12.373116726720088,0.26546330498148474
8.939999999999854,12.375756639323997,0.26251921983412146
8.949999999999854,12.378367111196999,0.259575158755025
8.959999999999853,12.380948142578426,0.25663112147408473
8.969999999999853,12.383499733704907,0.25368710772119873
8.979999999999853,12.386021884810376,0.25074311722627374
8.989999999999853,12.38851459612606,0.24779914971922498
8.999999999999853,12.390977867880487,0.24485520492997612
9.009999999999852,12.393411700299485,0.24191128258845918
9.019999999999852,12.39581609360618,0.2389673824246144
9.029999999999852,12.398191048021001,0.23602350416839016
9.039999999999852,12.400536563761673,0.23307964754974286
9.049999999999851,12.402852641043221,0.2301358122986369
9.059999999999851,12.405139280077972,0.22719199814504437
9.069999999999851,12.407396481075548,0.22424820481894525
9.07999999999985,12.409624244242876,0.2213044320503271
9.08999999999985,12.41182256978418,0.218360679569185
9.09999999999985,12.413991457900984,0.2154169471055215
9.10999999999985,12.416130908792114,0.21247323438934648
9.11999999999985,12.418240922653697,0.20952954115067707
9.12999999999985,12.420321499679154,0.2065858671195375
9.13999999999985,12.422372640059214,0.2036422120259591
9.14999999999985,12.4243943439819,0.20069857559998014
9.15999999999985,12.42638661163254,0.19775495757164568
9.169999999999849,12.428349443193758,0.1948113576710076
9.179999999999849,12.430282838845484,0.19186777562812438
9.189999999999849,12.432186798764945,0.18892421117306105
9.199999999999848,12.434061323126672,0.18598066403588911
9.209999999999848,12.43590641210249,0.18303713394668641
9.219999999999848,12.437722065861532,0.18009362063553705
9.229999999999848,12.439508284570229,0.17715012383253123
9.239999999999847,12.44126506839231,0.1742066432677653
9.249999999999847,12.442992417488812,0.1712631786713415
9.259999999999847,12.444690332018066,0.1683197297733679
9.269999999999847,12.446358812135708,0.1653762963039584
9.279999999999847,12.447997857994674,0.1624328779932325
9.289999999999846,12.449607469745201,0.15948947457131532
9.299999999999846,12.45118764753483,0.15654608576833737
9.309999999999846,12.4527383915084,0.15360271131443454
9.319999999999846,12.45425970180805,0.15065935093974803
9.329999999999846,12.455751578573226,0.14771600437442411
9.339999999999845,12.45721402194067,0.1447726713486142
9.349999999999845,12.45864703204443,0.14182935159247467
9.359999999999845,12.460050609015852,0.1388860448361667
9.369999999999845,12.461424752983586,0.1359427508098563
9.379999999999844,12.462769464073583,0.13299946924371409
9.389999999999844,12.464084742409096,0.13005619986791528
9.399999999999844,12.465370588110677,0.1271129424126396
9.409999999999844,12.466627001296184,0.12416969660807108
9.419999999999844,12.467853982080774,0.12122646218439806
9.429999999999843,12.469051530576909,0.11828323887181304
9.439999999999843,12.470219646894348,0.1153400264005126
9.449999999999843,12.471358331140157,0.11239682450069728
9.459999999999843,12.472467583418702,0.10945363290257153
9.469999999999843,12.473547403831649,0.10651045133634354
9.479999999999842,12.474597792477969,0.10356727953222519
9.489999999999842,12.475618749453934,0.10062411722043195
9.499999999999842,12.476610274853119,0.09768096413118275
9.509999999999842,12.4775723687664,0.09473781999469993
9.519999999999841,12.478505031281957,0.09179468454120908
9.529999999999841,12.479408262485268,0.088851557500939
9.539999999999841,12.48028206245912,0.08590843860412155
9.54999999999984,12.481126431283595,0.0829653275809916
9.55999999999984,12.481941369036084,0.08002222416178688
9.56999999999984,12.482726875791277,0.07707912807674792
9.57999999999984,12.483482951621166,0.07413603905611797
9.58999999999984,12.484209596595047,0.07119295683014282
9.59999999999984,12.484906810779519,0.06824988112907077
9.60999999999984,12.48557459423848,0.06530681168315253
9.61999999999984,12.486212947033135,0.06236374822264107
9.62999999999984,12.486821869221986,0.05942069047779158
9.639999999999839,12.487401360860844,0.05647763817886134
9.649999999999839,12.487951422002817,0.053534591056109616
9.659999999999838,12.48847205269832,0.050591548839797586
9.669999999999838,12.488963252995068,0.04764851126018822
9.679999999999838,12.48942502293808,0.04470547804754619
9.689999999999838,12.489857362569676,0.041762448932137756
9.699999999999838,12.49026027192948,0.0388194236442307
9.709999999999837,12.49063375105442,0.0358764019140942
9.719999999999837,12.490977799978722,0.03293338347199873
9.729999999999837,12.49129241873392,0.029990368048215973
9.739999999999837,12.491577607348848,0.027047355373018726
9.749999999999837,12.491833365849644,0.024104345176680787
9.759999999999836,12.492059694259746,0.021161337189476867
9.769999999999836,12.492256592599897,0.018218331141682483
9.779999999999836,12.492424060888144,0.015275326763573864
9.789999999999836,12.492562099139835,0.012332323785427854
9.799999999999836,12.49267070736762,0.009389321937521806
9.809999999999835,12.492749885581455,0.006446320950133488
9.819999999999835,12.492799633788593,0.003503320553540984
9.829999999999835,12.492819951993596,0.0005603204780225972
9.839999999999835,12.492822753595986,-0.0009111795244216669
9.849999999999834,12.492822753595986,-0.0009111795244216669
9.859999999999834,12.492822753595986,-0.0009111795244216669
9.869999999999834,12.492822753595986,-0.0009111795244216669
9.879999999999834,12.492822753595986,-0.0009111795244216669
9.889999999999834,12.492822753595986,-0.0009111795244216669
9.899999999999833,12.492822753595986,-0.0009111795244216669
9.909999999999833,12.492822753595986,-0.0009111795244216669
9.919999999999833,12.492822753595986,-0.0009111795244216669
9.929999999999833,12.492822753595986,-0.0009111795244216669
9.939999999999833,12.492822753595986,-0.0009111795244216669
9.949999999999832,12.492822753595986,-0.0009111795244216669
9.959999999999832,12.492822753595986,-0.0009111795244216669
9.969999999999832,12.492822753595986,-0.0009111795244216669
9.979999999999832,12.492822753595986,-0.0009111795244216669
9.989999999999831,12.492822753595986,-0.0009111795244216669
